Method_Call_No,Suspiciousness,Ranking
1,0.0,4
2,0.045454545454545456,3
3,0.0,4
4,0.0,4
5,0.5,1
6,0.5,1
7,0.0,4
8,0.0,4
9,0.3333333333333333,2
10,0.0,4
11,0.0,4
12,0.045454545454545456,3
13,0.0,4
14,0.0,4
15,0.0,4
16,0.045454545454545456,3
17,0.045454545454545456,3
18,0.0,4
19,0.0,4
20,0.0,4
21,0.0,4
22,0.0,4
23,0.0,4
24,0.0,4
25,0.0,4
26,0.045454545454545456,3
27,0.0,4
28,0.0,4
29,0.0,4
30,0.0,4
31,0.0,4
32,0.0,4
33,0.0,4
34,0.0,4
35,0.0,4
