Method_Call_No,Suspiciousness,Ranking
1,0.0,5
2,0.0,5
3,1.3333333333333333,1
4,0.2222222222222222,3
5,0.2,4
6,0.0,5
7,0.0,5
8,1.3333333333333333,1
9,0.4444444444444444,2
