Method_Call_No,Suspiciousness,Ranking
1,0.2,2
2,0.2,2
3,0.0,6
4,0.14285714285714285,3
5,0.045454545454545456,5
6,0.0625,4
7,0.0,6
8,0.0,6
9,0.0,6
10,0.0,6
11,0.0,6
12,1.0,1
