Method_Call_No,Suspiciousness,Ranking
1,0.0,3
2,0.3333333333333333,1
3,0.0,3
4,0.0,3
5,0.09090909090909091,2
6,0.0,3
7,0.09090909090909091,2
8,0.0,3
9,0.0,3
