Method_Call_No,Suspiciousness,Ranking
1,0.0,3
2,0.0,3
3,0.25,1
4,0.0,3
5,0.0,3
6,0.08333333333333333,2
7,0.0,3
8,0.08333333333333333,2
9,0.0,3
10,0.0,3
