Method_Call_No,Suspiciousness,Ranking
1,0.0,3
2,0.0,3
3,0.2,1
4,0.0,3
5,0.0,3
6,0.07692307692307693,2
7,0.0,3
8,0.07692307692307693,2
9,0.0,3
10,0.0,3
