Method_Call_No,Suspiciousness,Ranking
1,0.19047619047619047,5
2,0.0625,7
3,0.0,8
4,0.14285714285714285,6
5,0.0,8
6,0.0,8
7,0.2,4
8,0.2,4
9,0.0,8
10,0.0,8
11,0.0,8
12,0.0,8
13,0.0,8
14,0.0,8
15,1.0,1
16,0.0,8
17,0.0,8
18,0.0,8
19,0.0,8
20,0.5,2
21,0.0,8
22,0.0,8
23,0.0,8
24,0.0,8
25,0.0,8
26,0.0,8
27,0.0,8
28,0.0,8
29,0.0,8
30,0.3333333333333333,3
31,0.0,8
32,0.0,8
33,0.0,8
34,0.0,8
