Method_Call_No,Suspiciousness,Ranking
1,0.0,4
2,0.3333333333333333,3
3,0.0,4
4,0.0,4
5,0.0,4
6,0.0,4
7,0.3333333333333333,3
8,0.3333333333333333,3
9,0.0,4
10,2.0,1
11,0.0,4
12,0.5,2
