Method_Call_No,Suspiciousness,Ranking
1,0.25,4
2,0.25,4
3,0.14285714285714285,7
4,0.0,8
5,0.0,8
6,0.0,8
7,0.16666666666666666,6
8,0.16666666666666666,6
9,0.0,8
10,0.3333333333333333,3
11,0.0,8
12,0.0,8
13,0.0,8
14,0.2,5
15,0.0,8
16,0.2,5
17,0.0,8
18,0.0,8
19,0.0,8
20,0.0,8
21,0.25,4
22,1.0,1
23,0.0,8
24,0.0,8
25,0.0,8
26,0.2,5
27,0.0,8
28,0.5,2
29,0.0,8
30,0.0,8
31,0.2,5
32,0.0,8
33,0.0,8
34,0.0,8
35,0.0,8
36,0.0,8
