Method_Call_No,Suspiciousness,Ranking
1,0.007518796992481203,7
2,0.0,8
3,0.0,8
4,0.0,8
5,0.0,8
6,0.02702702702702703,3
7,1.0,1
8,0.0,8
9,0.008695652173913044,6
10,0.00909090909090909,5
11,0.0,8
12,0.034482758620689655,2
13,0.0,8
14,0.0,8
15,0.0,8
16,0.0,8
17,0.0,8
18,0.0,8
19,0.0,8
20,0.0,8
21,0.0,8
22,0.0,8
23,0.0,8
24,0.0,8
25,0.0,8
26,0.0,8
27,0.0,8
28,0.0,8
29,0.01639344262295082,4
