Method_Call_No,Suspiciousness,Ranking
1,0.0,8
2,0.012048192771084338,7
3,0.037037037037037035,3
4,0.022727272727272728,5
5,0.16666666666666666,1
6,0.03225806451612903,4
7,0.0,8
8,0.0,8
9,0.0,8
10,0.0,8
11,0.0,8
12,0.0,8
13,0.0,8
14,0.0,8
15,0.0,8
16,0.0,8
17,0.0,8
18,0.0,8
19,0.0,8
20,0.0,8
21,0.0,8
22,0.0,8
23,0.0,8
24,0.0,8
25,0.0,8
26,0.0,8
27,0.0,8
28,0.0,8
29,0.0,8
30,0.0,8
31,0.015151515151515152,6
32,0.0,8
33,0.0,8
34,0.0,8
35,0.015151515151515152,6
36,0.04,2
37,0.04,2
38,0.04,2
